numero,nivel,Hànzì,Pīnyīn,Español,Hànzì_alt,Pīnyīn_alt,Categoría,Ejemplo,Significado ejemplo,
1,1,爱,ài,"amar, querer",,,,,,
2,1,爱好,àihào,"afición, pasatiempo",,,,,,
3,1,八,bā,ocho,,,,,,
4,1,爸爸,bàba,"papá, padre",爸,bà,,,,
5,1,吧,ba               ,"partícula modal (de sugerencia, aprobación)",,,,,,
6,1,白,bái              ,blanco,,,形,,,
7,1,白天,báitiān          ,"día, durante el día",,,,,,
8,1,百,bǎi              ,cien,,,,,,
9,1,班,bān              ,"clase, turno",,,,,,
10,1,半,bàn              ,mitad,,,,,,
11,1,半年,bàn nián         ,medio año,,,,,,
12,1,半天,bàntiān          ,medio día,,,,,,
13,1,帮,bāng             ,ayudar,,,,,,
14,1,帮忙,bāng/máng        ,ayudar (en una tarea),,,,,,
15,1,包,bāo              ,"bolso, paquete",,,,,,
16,1,包子,bāozi            ,bola de masa rellena al vapor,,,,,,
17,1,杯,bēi              ,"taza, vaso",,,,,,
18,1,杯子,bēizi            ,"taza, vaso",,,,,,
19,1,北,běi              ,norte,,,,,,
20,1,北边,běibian          ,"al norte, el lado norte",,,,,,
21,1,北京,Běijīng          ,Pekín,,,,,,
22,1,本,běn              ,clasificador para libros,,,量,,,
23,1,本子,běnzi            ,cuaderno,,,,,,
24,1,比,bǐ               ,comparar,,,,,,
25,1,别,bié              ,no (hacer algo),,,副,,,
26,1,别的,biéde            ,"otro, otros",,,,,,
27,1,别人,bié·rén          ,"los demás, otras personas",,,,,,
28,1,病,bìng             ,"enfermedad, enfermar",,,,,,
29,1,病人,bìngrén          ,"paciente, enfermo",,,,,,
30,1,不大,bú dà            ,no muy,,,,,,
31,1,不对,búduì            ,incorrecto,,,,,,
32,1,不客气,bú kèqì          ,"de nada, no hay de qué",,,,,,
33,1,不用,bùyòng           ,"no hace falta, no es necesario",,,,,,
34,1,不,bù               ,no,,,,,,
35,1,菜,cài              ,"plato de verduras, verdura",,,,,,
36,1,茶,chá              ,té,,,,,,
37,1,差,chà              ,"malo, inferior; faltar",,,,,,
38,1,常,cháng            ,"frecuentemente, a menudo",,,,,,
39,1,常常,chángcháng       ,"frecuentemente, a menudo",,,,,,
40,1,唱,chàng            ,cantar,,,,,,
41,1,唱歌,chàng/ɡē         ,cantar (una canción),,,,,,
42,1,车,chē              ,"vehículo, coche",,,,,,
43,1,车票,chēpiào          ,billete de transporte,,,,,,
44,1,车上,chē shang        ,en el vehículo,,,,,,
45,1,车站,chēzhàn          ,"estación (de autobús, tren)",,,,,,
46,1,吃,chī              ,comer,,,,,,
47,1,吃饭,chī/fàn          ,comer (una comida),,,,,,
48,1,出,chū              ,salir,,,,,,
49,1,出来,chū/·lái         ,salir (hacia el hablante),,,,,,
50,1,出去,chū/·qù          ,salir (alejándose del hablante),,,,,,
51,1,穿,chuān            ,"ponerse (ropa), vestir",,,,,,
52,1,床,chuáng           ,cama,,,,,,
53,1,次,cì               ,"veces, ocasión (clasificador)",,,量,,,
54,1,从,cóng             ,desde,,,,,,
55,1,错,cuò              ,"error, incorrecto",,,,,,
56,1,打,dǎ               ,"golpear; hacer (llamada, pelota)",,,动,,,
57,1,打车,dǎ/chē           ,tomar un taxi,,,,,,
58,1,打电话,dǎ diànhuà       ,"telefonear, hacer una llamada",,,,,,
59,1,打开,dǎ//kāi          ,abrir,,,,,,
60,1,打球,dǎ qiú           ,jugar a la pelota,,,,,,
61,1,大,dà               ,grande,,,,,,
62,1,大学,dàxué            ,universidad,,,,,,
63,1,大学生,dàxuéshēng       ,estudiante universitario,,,,,,
64,1,到,dào              ,llegar,,,,,,
65,1,得到,dé//dào          ,"obtener, conseguir",,,,,,
66,1,地,de               ,partícula estructural de modo,,,,,,
67,1,的,de               ,partícula posesiva/atributiva,,,,,,
68,1,等,děng             ,esperar,,,动,,,
69,1,地,dì               ,"suelo, tierra",,,,,,
70,1,地点,dìdiǎn           ,"lugar, sitio",,,,,,
71,1,地方,dìfang           ,"lugar, sitio",,,,,,
72,1,地上,dìshang          ,en el suelo,,,,,,
73,1,地图,dìtú             ,mapa,,,,,,
74,1,弟弟,dìdi,hermano menor,弟,dì,,,,
75,1,第,dì,prefijo ordinal (),,,,第二,segundo,
76,1,点,diǎn             ,punto; un poco; hora,,,,,,
77,1,电,diàn             ,electricidad,,,,,,
78,1,电话,diànhuà          ,teléfono,,,,,,
79,1,电脑,diànnǎo          ,ordenador,,,,,,
80,1,电视,diànshì          ,televisión,,,,,,
81,1,电视机,diànshìjī        ,televisor,,,,,,
82,1,电影,diànyǐng         ,película,,,,,,
83,1,电影院,diànyǐngyuàn     ,cinema,,,,,,
84,1,东,dōng             ,este,,,,,,
85,1,东边,dōngbian         ,"al este, el lado este",,,,,,
86,1,东西,dōngxi           ,"cosa, objeto",,,,,,
87,1,动,dòng             ,moverse,,,,,,
88,1,动作,dòngzuò          ,"movimiento, acción",,,,,,
89,1,都,dōu              ,"todo, ambos",,,,,,
90,1,读,dú               ,leer,,,,,,
91,1,读书,dú/shū           ,"leer, estudiar",,,,,,
92,1,对,duì              ,correcto,,,形,,,
93,1,对不起,duìbuqǐ          ,"perdón, lo siento",,,,,,
94,1,多,duō              ,mucho,,,形、代,,,
95,1,多少,duōshao          ,cuánto(s),,,,,,
96,1,饿,è                ,tener hambre,,,,,,
97,1,儿子,érzi             ,hijo,,,,,,
98,1,二,èr               ,dos,,,,,,
99,1,饭,fàn              ,"comida, arroz cocido",,,,,,
100,1,饭店,fàndiàn          ,"restaurante, hotel",,,,,,
101,1,房间,fángjiān         ,habitación,,,,,,
102,1,房子,fángzi           ,"casa, vivienda",,,,,,
103,1,放,fàng             ,"soltar, poner, dejar",,,,,,
104,1,放假,fàng//jià        ,estar de vacaciones,,,,,,
105,1,放学,fàng//xué        ,salir de clase,,,,,,
106,1,飞,fēi              ,volar,,,,,,
107,1,飞机,fēijī            ,avión,,,,,,
108,1,非常,fēicháng         ,"muy, extremadamente",,,,,,
109,1,分,fēn              ,minuto; centavo; punto,,,名、量,,,
110,1,风,fēng             ,viento,,,,,,
111,1,干,gān              ,seco,,,,,,
112,1,干净,gānjìng          ,limpio,,,,,,
113,1,干,gàn              ,"hacer, trabajar",,,,,,
114,1,干什么,gàn shénme       ,"qué hacer, por qué",,,,,,
115,1,高,gāo              ,alto,,,,,,
116,1,高兴,gāoxìng          ,"contento, alegre",,,,,,
117,1,告诉,gàosu            ,"decir, informar",,,,,,
118,1,哥哥,gēge,hermano mayor,哥,gē,,,,
119,1,歌,gē               ,canción,,,,,,
120,1,个,gè               ,clasificador general,,,,,,
121,1,给,gěi              ,dar,,,,,,
122,1,跟,gēn              ,con; seguir,,,,,,
123,1,工人,gōngrén          ,"obrero, trabajador",,,,,,
124,1,工作,gōngzuò          ,"trabajo, trabajar",,,,,,
125,1,关,guān             ,"cerrar (puerta, ventana)",,,动,,,
126,1,关上,guānshang        ,cerrar,,,,,,
127,1,贵,guì              ,caro,,,,,,
128,1,国,guó              ,país,,,,,,
129,1,国家,guójiā           ,"país, nación",,,,,,
130,1,国外,guó wài          ,extranjero,,,,,,
131,1,过,guò              ,"pasar, cruzar; partícula de experiencia",,,,,,
132,1,还,hái              ,"aún, todavía",,,,,,
133,1,还是,háishì           ,o; todavía (en preguntas),,,,,,
134,1,还有,hái yǒu          ,"además, todavía hay",,,,,,
135,1,孩子,háizi            ,"niño, hijo",,,,,,
136,1,汉语,Hànyǔ            ,idioma chino,,,,,,
137,1,汉字,Hànzì            ,carácter chino,,,,,,
138,1,好,hǎo              ,bueno,,,形,,,
139,1,好吃,hǎochī           ,"rico, sabroso",,,,,,
140,1,好看,hǎokàn           ,"bonito, guapo",,,,,,
141,1,好听,hǎotīng          ,agradable al oído,,,,,,
142,1,好玩儿,hǎowánr          ,divertido,,,,,,
143,1,号,hào              ,número; talla; fecha,,,,,,
144,1,喝,hē               ,beber,,,,,,
145,1,和,hé               ,y,,,,,,
146,1,很,hěn              ,muy,,,,,,
147,1,后,hòu              ,atrás; después,,,,,,
148,1,后边,hòubian          ,detrás,,,,,,
149,1,后天,hòutiān          ,pasado mañana,,,,,,
150,1,花,huā              ,flor,,,名,,,
151,1,话,huà              ,"palabra, habla",,,,,,
152,1,坏,huài             ,"malo, dañado",,,,,,
153,1,还,huán             ,devolver,,,,,,
154,1,回,huí              ,"volver, regresar",,,动,,,
155,1,回答,huídá            ,responder,,,,,,
156,1,回到,huídào           ,"volver a, regresar a",,,,,,
157,1,回家,huí jiā          ,volver a casa,,,,,,
158,1,回来,huí//lái         ,volver (hacia el hablante),,,,,,
159,1,回去,huí//qù          ,volver (alejándose del hablante),,,,,,
160,1,会,huì              ,saber (una habilidad),,,动,,,
161,1,火车,huǒchē           ,tren,,,,,,
162,1,机场,jīchǎng          ,aeropuerto,,,,,,
163,1,机票,jīpiào           ,billete de avión,,,,,,
164,1,鸡蛋,jīdàn            ,huevo,,,,,,
165,1,几,jǐ               ,cuántos (para números pequeños),,,,,,
166,1,记,jì               ,"recordar, anotar",,,,,,
167,1,记得,jìde             ,recordar (tener en la memoria),,,,,,
168,1,记住,jìzhù            ,"memorizar, recordar bien",,,,,,
169,1,家,jiā              ,"casa, hogar",,,,,,
170,1,家里,jiā li           ,en casa,,,,,,
171,1,家人,jiārén           ,familiares,,,,,,
172,1,间,jiān             ,clasificador para habitaciones,,,,,,
173,1,见,jiàn             ,ver,,,,,,
174,1,见面,jiàn//miàn       ,"verse, encontrarse",,,,,,
175,1,教,jiāo             ,enseñar,,,,,,
176,1,叫,jiào             ,llamarse; llamar a alguien,,,动,,,
177,1,教学楼,jiàoxuélóu       ,edificio de aulas,,,,,,
178,1,姐姐,jiějie,hermana mayor,姐,jiě,,,,
179,1,介绍,jièshào          ,presentar,,,,,,
180,1,今年,jīnnián          ,este año,,,,,,
181,1,今天,jīntiān          ,hoy,,,,,,
182,1,进,jìn              ,entrar,,,,,,
183,1,进来,jìn//lái         ,entrar (hacia el hablante),,,,,,
184,1,进去,jìn//qù          ,entrar (alejándose del hablante),,,,,,
185,1,九,jiǔ              ,nueve,,,,,,
186,1,就,jiù              ,entonces; precisamente,,,,,,
187,1,觉得,juéde            ,"creer, pensar, sentir",,,,,,
188,1,开,kāi              ,abrir; conducir (un vehículo),,,,,,
189,1,开车,kāi//chē         ,conducir un coche,,,,,,
190,1,开会,kāi//huì         ,tener una reunión,,,,,,
191,1,开玩笑,kāi wánxiào      ,bromear,,,,,,
192,1,看,kàn              ,"ver, mirar",,,,,,
193,1,看病,kàn//bìng        ,ir al médico,,,,,,
194,1,看到,kàndào           ,"ver, percibir",,,,,,
195,1,看见,kàn//jiàn        ,ver (captar con la vista),,,,,,
196,1,考,kǎo              ,examinar,,,,,,
197,1,考试,kǎo//shì         ,"examen, examinarse",,,,,,
198,1,渴,kě               ,tener sed,,,,,,
199,1,课,kè               ,"clase, lección",,,,,,
200,1,课本,kèběn            ,libro de texto,,,,,,
201,1,课文,kèwén            ,texto de la lección,,,,,,
202,1,口,kǒu              ,boca; clasificador para personas,,,,,,
203,1,块,kuài             ,pedazo; yuan (unidad monetaria),,,,,,
204,1,快,kuài             ,rápido,,,,,,
205,1,来,lái              ,venir,,,,,,
206,1,来到,láidào           ,llegar a,,,,,,
207,1,老,lǎo              ,viejo,,,形,,,
208,1,老人,lǎorén           ,anciano,,,,,,
209,1,老师,lǎoshī           ,"profesor, maestro",,,,,,
210,1,了,le               ,partícula de aspecto completado,,,,,,
211,1,累,lèi              ,cansado,,,,,,
212,1,冷,lěng             ,frío,,,,,,
213,1,里,lǐ               ,dentro,,,,,,
214,1,里边,lǐbian           ,dentro,,,,,,
215,1,两,liǎng            ,dos (para objetos),,,数,,,
216,1,零,líng,cero,○,líng,,,,
217,1,六,liù              ,seis,,,,,,
218,1,楼,lóu              ,"edificio, piso",,,,,,
219,1,楼上,lóu shàng        ,"arriba, piso de arriba",,,,,,
220,1,楼下,lóu xià          ,"abajo, piso de abajo",,,,,,
221,1,路,lù               ,"calle, camino",,,,,,
222,1,路口,lùkǒu            ,"cruce, intersección",,,,,,
223,1,路上,lùshang          ,en el camino,,,,,,
224,1,妈妈,māma,"mamá, madre",妈,mā,,,,
225,1,马路,mǎlù             ,"calle, carretera",,,,,,
226,1,马上,mǎshàng          ,inmediatamente,,,,,,
227,1,吗,ma               ,partícula interrogativa (sí/no),,,,,,
228,1,买,mǎi              ,comprar,,,,,,
229,1,慢,màn              ,lento,,,,,,
230,1,忙,máng             ,ocupado,,,,,,
231,1,毛,máo              ,mao (0.1 yuan),毛钱,máo,,,,
232,1,没,méi              ,no (en pasado/negación de tener),,,,,,
233,1,没关系,méi guānxi       ,no importa,,,,,,
234,1,没什么,méi shénme       ,"nada, no es nada",,,,,,
235,1,没事儿,méi//shìr        ,no pasa nada,,,,,,
236,1,没有,méi·yǒu          ,no tener; no (en pasado),,,,,,
237,1,妹妹,mèimei,hermana menor,妹,mèi,,,,
238,1,门,mén              ,puerta,,,,,,
239,1,门口,ménkǒu           ,"entrada, puerta",,,,,,
240,1,门票,ménpiào          ,entrada (billete),,,,,,
241,1,们,men (péngyoumen) ,sufijo plural,,,,朋友们,amigos,
242,1,米饭,mǐfàn            ,arroz cocido,,,,,,
243,1,面包,miànbāo          ,pan,,,,,,
244,1,面条儿,miàntiáor        ,fideos,,,,,,
245,1,名字,míngzi           ,nombre,,,,,,
246,1,明白,míngbai          ,"entender, claro",,,,,,
247,1,明年,míngnián         ,el año que viene,,,,,,
248,1,明天,míngtiān         ,mañana,,,,,,
249,1,拿,ná               ,"coger, tomar",,,,,,
250,1,哪,nǎ               ,cuál,,,,,,
251,1,哪里,nǎ·lǐ            ,dónde,,,,,,
252,1,哪儿,nǎr              ,dónde,,,,,,
253,1,哪些,nǎxiē            ,cuáles,,,,,,
254,1,那,nà               ,"aquel, eso",,,代,,,
255,1,那边,nàbiān           ,"allí, ese lado",,,,,,
256,1,那里,nà·lǐ            ,"allí, ese lugar",,,,,,
257,1,那儿,nàr              ,"allí, ahí",,,,,,
258,1,那些,nàxiē            ,"esos, aquellos",,,,,,
259,1,奶,nǎi              ,leche,,,,,,
260,1,奶奶,nǎinai           ,abuela (paterna),,,,,,
261,1,男,nán              ,"hombre, varón",,,,,,
262,1,男孩儿,nánháir          ,"niño, chico",,,,,,
263,1,男朋友,nánpéngyou       ,"novio, amigo",,,,,,
264,1,男人,nánrén           ,hombre,,,,,,
265,1,男生,nánshēng         ,estudiante masculino,,,,,,
266,1,南,nán              ,sur,,,,,,
267,1,南边,nánbian          ,"al sur, el lado sur",,,,,,
268,1,难,nán              ,difícil,,,,,,
269,1,呢,ne               ,partícula interrogativa (y...?),,,,,,
270,1,能,néng             ,poder (capacidad),,,,,,
271,1,你,nǐ               ,tú,,,,,,
272,1,你们,nǐmen            ,vosotros,,,,,,
273,1,年,nián             ,año,,,,,,
274,1,您,nín              ,usted,,,,,,
275,1,牛奶,niúnǎi           ,leche de vaca,,,,,,
276,1,女,nǚ               ,mujer,,,,,,
277,1,女儿,nǚ'ér            ,hija,,,,,,
278,1,女孩儿,nǚháir           ,"niña, chica",,,,,,
279,1,女朋友,nǚpéngyou        ,"novia, amiga",,,,,,
280,1,女人,nǚrén            ,mujer,,,,,,
281,1,女生,nǚshēng          ,estudiante femenina,,,,,,
282,1,旁边,pángbiān         ,al lado,,,,,,
283,1,跑,pǎo              ,correr,,,,,,
284,1,朋友,péngyou          ,amigo,,,,,,
285,1,票,piào             ,"billete, entrada",,,,,,
286,1,七,qī               ,siete,,,,,,
287,1,起,qǐ               ,levantarse; comenzar,,,,,,
288,1,起床,qǐ//chuáng       ,levantarse de la cama,,,,,,
289,1,起来,qǐ//·lái         ,levantarse; hacia arriba,,,,,,
290,1,汽车,qìchē            ,"coche, automóvil",,,,,,
291,1,前,qián             ,delante; antes,,,,,,
292,1,前边,qiánbian         ,delante,,,,,,
293,1,前天,qiántiān         ,anteayer,,,,,,
294,1,钱,qián             ,dinero,,,,,,
295,1,钱包,qiánbāo          ,cartera,,,,,,
296,1,请,qǐng             ,por favor; invitar,,,,,,
297,1,请假,qǐng//jià        ,pedir permiso (ausencia),,,,,,
298,1,请进,qǐng jìn         ,"pase, adelante",,,,,,
299,1,请问,qǐngwèn          ,"por favor, ¿puedo preguntar?",,,,,,
300,1,请坐,qǐng zuò         ,siéntese por favor,,,,,,
301,1,球,qiú              ,"pelota, balón",,,,,,
302,1,去,qù               ,ir,,,,,,
303,1,去年,qùnián           ,el año pasado,,,,,,
304,1,热,rè               ,"calor, caliente",,,,,,
305,1,人,rén              ,"persona, gente",,,,,,
306,1,认识,rènshi           ,conocer (a alguien),,,,,,
307,1,认真,rènzhēn          ,"serio, concienzudo",,,,,,
308,1,日,rì               ,día; sol,,,,,,
309,1,日期,rìqī             ,fecha,,,,,,
310,1,肉,ròu              ,carne,,,,,,
311,1,三,sān              ,tres,,,,,,
312,1,山,shān             ,montaña,,,,,,
313,1,商场,shāngchǎng       ,centro comercial,,,,,,
314,1,商店,shāngdiàn        ,tienda,,,,,,
315,1,上,shàng            ,arriba; subir; anterior,,,,,,
316,1,上班,shàng//bān       ,ir al trabajo,,,,,,
317,1,上边,shàngbian        ,"arriba, encima",,,,,,
318,1,上车,shàng chē        ,subir al vehículo,,,,,,
319,1,上次,shàng cì         ,la vez anterior,,,,,,
320,1,上课,shàng//kè        ,"ir a clase, dar clase",,,,,,
321,1,上网,shàng//wǎng      ,navegar por internet,,,,,,
322,1,上午,shàngwǔ          ,mañana (antes del mediodía),,,,,,
323,1,上学,shàng//xué       ,ir a la escuela,,,,,,
324,1,少,shǎo             ,"poco, escaso",,,,,,
325,1,谁,shéi/shuí        ,quién,,,,,,
326,1,身上,shēnshang        ,en el cuerpo; llevar encima,,,,,,
327,1,身体,shēntǐ           ,"cuerpo, salud",,,,,,
328,1,什么,shénme           ,qué,,,,,,
329,1,生病,shēng//bìng      ,enfermar,,,,,,
330,1,生气,shēng//qì        ,enfadarse,,,,,,
331,1,生日,shēngrì          ,cumpleaños,,,,,,
332,1,十,shí              ,diez,,,,,,
333,1,时候,shíhou           ,"cuando, momento",,,,,,
334,1,时间,shíjiān          ,"tiempo, hora",,,,,,
335,1,事,shì              ,"asunto, cosa",,,,,,
336,1,试,shì              ,"probar, intentar",,,,,,
337,1,是,shì              ,ser,,,,,,
338,1,是不是,shì bu shì       ,¿es o no es? ¿verdad?,,,,,,
339,1,手,shǒu             ,mano,,,,,,
340,1,手机,shǒujī           ,teléfono móvil,,,,,,
341,1,书,shū              ,libro,,,,,,
342,1,书包,shūbāo           ,mochila,,,,,,
343,1,书店,shūdiàn          ,librería,,,,,,
344,1,树,shù              ,árbol,,,,,,
345,1,水,shuǐ             ,agua,,,,,,
346,1,水果,shuǐguǒ          ,fruta,,,,,,
347,1,睡,shuì             ,dormir,,,,,,
348,1,睡觉,shuì//jiào       ,dormir,,,,,,
349,1,说,shuō             ,"decir, hablar",,,,,,
350,1,说话,shuō//huà        ,"hablar, conversar",,,,,,
351,1,四,sì               ,cuatro,,,,,,
352,1,送,sòng             ,acompañar; regalar,,,,,,
353,1,岁,suì              ,años de edad,,,,,,
354,1,他,tā               ,él,,,,,,
355,1,他们,tāmen            ,ellos,,,,,,
356,1,她,tā               ,ella,,,,,,
357,1,她们,tāmen            ,ellas,,,,,,
358,1,太,tài              ,demasiado; muy,,,,,,
359,1,天,tiān             ,"cielo, día",,,,,,
360,1,天气,tiānqì           ,tiempo (clima),,,,,,
361,1,听,tīng             ,"escuchar, oír",,,,,,
362,1,听到,tīngdào          ,"oír, escuchar",,,,,,
363,1,听见,tīng//jiàn       ,oír (percibir un sonido),,,,,,
364,1,听写,tīngxiě          ,dictado,,,,,,
365,1,同学,tóngxué          ,compañero de clase,,,,,,
366,1,图书馆,túshūguǎn        ,biblioteca,,,,,,
367,1,外,wài              ,"exterior, fuera",,,,,,
368,1,外边,wàibian          ,"afuera, exterior",,,,,,
369,1,外国,wàiguó           ,país extranjero,,,,,,
370,1,外语,wàiyǔ            ,idioma extranjero,,,,,,
371,1,玩儿,wánr             ,"jugar, divertirse",,,,,,
372,1,晚,wǎn              ,tarde,,,,,,
373,1,晚饭,wǎnfàn           ,cena,,,,,,
374,1,晚上,wǎnshang         ,"noche, tarde-noche",,,,,,
375,1,网上,wǎng shang       ,en internet,,,,,,
376,1,网友,wǎngyǒu          ,amigo de internet,,,,,,
377,1,忘,wàng             ,olvidar,,,,,,
378,1,忘记,wàngjì           ,olvidar,,,,,,
379,1,问,wèn              ,preguntar,,,,,,
380,1,我,wǒ               ,yo,,,,,,
381,1,我们,wǒmen            ,nosotros,,,,,,
382,1,五,wǔ               ,cinco,,,,,,
383,1,午饭,wǔfàn            ,almuerzo,,,,,,
384,1,西,xī               ,oeste,,,,,,
385,1,西边,xībian           ,"al oeste, el lado oeste",,,,,,
386,1,洗,xǐ               ,lavar,,,,,,
387,1,洗手间,xǐshǒujiān       ,"aseo, baño",,,,,,
388,1,喜欢,xǐhuan           ,gustar,,,,,,
389,1,下,xià              ,abajo; bajar; próximo,,,名、动,,,
390,1,下班,xià//bān         ,salir del trabajo,,,,,,
391,1,下边,xiàbian          ,"abajo, debajo",,,,,,
392,1,下车,xià chē          ,bajar del vehículo,,,,,,
393,1,下次,xià cì           ,la próxima vez,,,,,,
394,1,下课,xià//kè          ,terminar la clase,,,,,,
395,1,下午,xiàwǔ            ,tarde,,,,,,
396,1,下雨,xià yǔ           ,llover,,,,,,
397,1,先,xiān             ,primero,,,,,,
398,1,先生,xiānsheng        ,señor; esposo; maestro,,,,,,
399,1,现在,xiànzài          ,ahora,,,,,,
400,1,想,xiǎng            ,pensar; echar de menos; querer,,,,,,
401,1,小,xiǎo             ,pequeño,,,,,,
402,1,小孩儿,xiǎoháir         ,niño pequeño,,,,,,
403,1,小姐,xiǎojiě          ,señorita,,,,,,
404,1,小朋友,xiǎopéngyou      ,"niñito, amiguito",,,,,,
405,1,小时,xiǎoshí          ,hora,,,,,,
406,1,小学,xiǎoxué          ,escuela primaria,,,,,,
407,1,小学生,xiǎoxuéshēng     ,alumno de primaria,,,,,,
408,1,笑,xiào             ,reír,,,,,,
409,1,写,xiě              ,escribir,,,,,,
410,1,谢谢,xièxie           ,gracias,,,,,,
411,1,新,xīn              ,nuevo,,,,,,
412,1,新年,xīnnián          ,Año Nuevo,,,,,,
413,1,星期,xīngqī           ,semana,,,,,,
414,1,星期日,xīngqīrì         ,domingo,,,,,,
415,1,星期天,xīngqītiān       ,domingo,,,,,,
416,1,行,xíng             ,"vale, de acuerdo; caminar",,,,,,
417,1,休息,xiūxi            ,descansar,,,,,,
418,1,学,xué              ,estudiar,,,,,,
419,1,学生,xué·shēng        ,estudiante,,,,,,
420,1,学习,xuéxí            ,"estudiar, aprender",,,,,,
421,1,学校,xuéxiào          ,"escuela, colegio",,,,,,
422,1,学院,xuéyuàn          ,"facultad, instituto",,,,,,
423,1,要,yào              ,querer; necesitar,,,,,,
424,1,爷爷,yéye             ,abuelo (paterno),,,,,,
425,1,也,yě               ,también,,,,,,
426,1,页,yè               ,página,,,,,,
427,1,一,yī               ,uno,,,,,,
428,1,衣服,yīfu             ,ropa,,,,,,
429,1,医生,yīshēng          ,médico,,,,,,
430,1,医院,yīyuàn           ,hospital,,,,,,
431,1,一半,yībàn            ,la mitad,,,,,,
432,1,一会儿,yīhuìr           ,"un rato, un momento",,,,,,
433,1,一块儿,yīkuàir          ,juntos; un pedazo,,,,,,
434,1,一下儿,yīxiàr           ,un momento; una vez,,,,,,
435,1,一样,yīyàng           ,igual,,,,,,
436,1,一边,yībiān           ,al mismo tiempo; un lado,,,,,,
437,1,一点儿,yīdiǎnr          ,un poco,,,,,,
438,1,一起,yīqǐ             ,juntos,,,,,,
439,1,一些,yīxiē            ,algunos,,,,,,
440,1,用,yòng             ,usar,,,,,,
441,1,有,yǒu              ,"tener, haber",,,,,,
442,1,有的,yǒude            ,algunos,,,,,,
443,1,有名,yǒu//míng        ,famoso,,,,,,
444,1,有时候\,时   ,a veces,yǒushíhou,yǒushí,,,,
445,1,有些,yǒu (yì) xiē     ,"algunos, unos cuantos",有一些     ,yǒu,,,,
446,1,有用,yǒuyòng          ,útil,,,,,,
447,1,又,yòu              ,otra vez; y además,,,,,,
448,1,右边,yòubian          ,derecha,,,,,,
449,1,雨,yǔ               ,lluvia,,,,,,
450,1,元,yuán             ,yuan (unidad monetaria),,,,,,
451,1,远,yuǎn             ,lejos,,,,,,
452,1,月,yuè              ,mes; luna,,,,,,
453,1,再,zài              ,otra vez; de nuevo,,,,,,
454,1,再见,zàijiàn          ,"adiós, hasta luego",,,,,,
455,1,在,zài              ,en; estar en,,,,,,
456,1,在家,zàijiā           ,en casa,,,,,,
457,1,早,zǎo              ,temprano,,,,,,
458,1,早饭,zǎofàn           ,desayuno,,,,,,
459,1,早上,zǎoshang         ,mañana (temprano),,,,,,
460,1,怎么,zěnme            ,cómo,,,,,,
461,1,站,zhàn             ,parada (autobús); estación,,,名,,,
462,1,找,zhǎo             ,buscar; dar cambio,,,,,,
463,1,找到,zhǎodào          ,encontrar,,,,,,
464,1,这,zhè              ,"este, esto",,,,,,
465,1,这边,zhèbiān          ,"aquí, este lado",,,,,,
466,1,这里,zhè·lǐ           ,"aquí, este lugar",,,,,,
467,1,这儿,zhèr             ,aquí,,,,,,
468,1,这些,zhèxiē           ,estos,,,,,,
469,1,着,zhe              ,partícula de aspecto continuo,,,,,,
470,1,真,zhēn             ,"realmente, verdadero",,,,,,
471,1,真的,zhēn de          ,de verdad,,,,,,
472,1,正,zhèng            ,justo (estar haciendo algo),,,副,,,
473,1,正在,zhèngzài         ,estar en proceso de,,,,,,
474,1,知道,zhī·dào          ,saber (un hecho),,,,,,
475,1,知识,zhīshi           ,conocimiento,,,,,,
476,1,中,zhōng            ,centro; medio; China,,,,,,
477,1,中国,Zhōngguó         ,China,,,,,,
478,1,中间,zhōngjiān        ,"en medio, centro",,,,,,
479,1,中文,Zhōngwén         ,idioma chino,,,,,,
480,1,中午,zhōngwǔ          ,mediodía,,,,,,
481,1,中学,zhōngxué         ,escuela secundaria,,,,,,
482,1,中学生,zhōngxuéshēng    ,estudiante de secundaria,,,,,,
483,1,重,zhòng            ,pesado; importante,,,,,,
484,1,重要,zhòngyào         ,importante,,,,,,
485,1,住,zhù              ,"vivir, residir",,,,,,
486,1,准备,zhǔnbèi          ,preparar,,,,,,
487,1,桌子,zhuōzi           ,mesa,,,,,,
488,1,字,zì               ,"carácter, letra",,,,,,
489,1,子,zi (zhuōzi)      ,sufijo nominal,,,,桌子,mesa,
490,1,走,zǒu              ,"andar, irse",,,,,,
491,1,走路,zǒu//lù          ,"caminar, ir a pie",,,,,,
492,1,最,zuì              ,el más (superlativo),,,,,,
493,1,最好,zuìhǎo           ,lo mejor,,,,,,
494,1,最后,zuìhòu           ,"último, al final",,,,,,
495,1,昨天,zuótiān          ,ayer,,,,,,
496,1,左,zuǒ              ,izquierda,,,,,,
497,1,左边,zuǒbian          ,izquierda,,,,,,
498,1,坐,zuò              ,sentarse,,,,,,
499,1,坐下,zuòxià           ,sentarse,,,,,,
500,1,做,zuò              ,hacer,,,,,,
501,2,啊,a,"partícula modal (de asentimiento, sorpresa, etc.)",,,,,,
502,2,爱情,àiqíng,amor (sentimiento),,,,,,
503,2,爱人,àiren,"cónyuge, esposo/a",,,,,,
504,2,安静,ānjìng,"tranquilo, silencioso",,,,,,
505,2,安全,ānquán,"seguro, seguridad",,,,,,
506,2,白色,báisè,color blanco,,,,,,
507,2,班长,bānzhǎng,monitor/a de clase,,,,,,
508,2,办,bàn,"hacer, gestionar",,,,,,
509,2,办法,bànfǎ,"método, manera",,,,,,
510,2,办公室,bàngōngshì,oficina,,,,,,
511,2,半夜,bànyè,medianoche,,,,,,
512,2,帮助,bāngzhù,"ayuda, ayudar",,,,,,
513,2,饱,bǎo,"lleno, saciado",,,,,,
514,2,报名,bào//míng,"inscribirse, apuntarse",,,,,,
515,2,报纸,bàozhǐ,periódico,,,,,,
516,2,北方,běifāng,"norte, región norte",,,,,,
517,2,背,bēi,cargar (a la espalda),,,动,,,
518,2,比如,bǐrú,por ejemplo,,,,,,
519,2,比如说,bǐrú shuō,"es decir, por ejemplo",,,,,,
520,2,笔,bǐ,"bolígrafo, lápiz",,,,,,
521,2,笔记,bǐjì,"apuntes, notas",,,,,,
522,2,笔记本,bǐjìběn,cuaderno; portátil (ordenador),,,,,,
523,2,必须,bìxū,"tener que, ser necesario",,,,,,
524,2,边,biān,"lado, borde",,,,,,
525,2,变,biàn,cambiar,,,,,,
526,2,变成,biànchéng,"convertirse en, transformarse en",,,,,,
527,2,遍,biàn,vez (clasificador para acciones),,,,,,
528,2,表,biǎo,reloj; tabla; mostrar,,,,,,
529,2,表示,biǎoshì,"expresar, manifestar",,,,,,
530,2,不错,búcuò,"bastante bueno, no está mal",,,,,,
531,2,不但,búdàn,no solo,,,,,,
532,2,不够,búgòu,no suficiente,,,,,,
533,2,不过,búguò,"pero, sin embargo",,,,,,
534,2,不太,bú tài,"no muy, no demasiado",,,,,,
535,2,不要,búyào,"no querer, no hacer algo",,,,,,
536,2,不好意思,bù hǎoyìsi,"vergüenza, disculparse",,,,,,
537,2,不久,bùjiǔ,"pronto, no mucho tiempo después",,,,,,
538,2,不满,bùmǎn,"descontento, insatisfacción",,,,,,
539,2,不如,bùrú,no ser tan bueno como,,,,,,
540,2,不少,bù shǎo,"muchos, no pocos",,,,,,
541,2,不同,bù tóng,"diferente, distinto",,,,,,
542,2,不行,bùxíng,"no valer, no funcionar",,,,,,
543,2,不一定,bùyídìng,"no necesariamente, incierto",,,,,,
544,2,不一会儿,bù yíhuìr,"al poco tiempo, en un momento",,,,,,
545,2,部分,bùfen,"parte, sección",,,,,,
546,2,才,cái,"solo entonces, recién",,,副,,,
547,2,菜单,càidān,menú (de restaurante),,,,,,
548,2,参观,cānguān,visitar (un lugar),,,,,,
549,2,参加,cānjiā,"participar, asistir",,,,,,
550,2,草,cǎo,hierba,,,,,,
551,2,草地,cǎodì,"césped, pradera",,,,,,
552,2,层,céng,"piso, capa (clasificador)",,,,,,
553,2,查,chá,"buscar, consultar, revisar",,,,,,
554,2,差不多,chàbuduō,"casi, más o menos",,,,,,
555,2,长,cháng,"largo, largo tiempo",,,,,,
556,2,常见,cháng jiàn,"común, frecuente",,,,,,
557,2,常用,cháng yòng,"de uso común, frecuentemente usado",,,,,,
558,2,场,chǎng,lugar (clasificador para eventos),,,,,,
559,2,超过,chāoguò,"superar, exceder",,,,,,
560,2,超市,chāoshì,supermercado,,,,,,
561,2,车辆,chēliàng,vehículos,,,,,,
562,2,称,chēng,"llamar, denominar",,,动,,,
563,2,成,chéng,"convertirse en, lograrse",,,动,,,
564,2,成绩,chéngjì,"nota, resultado, logro",,,,,,
565,2,成为,chéngwéi,"llegar a ser, convertirse en",,,,,,
566,2,重复,chóngfù,"repetir, repetición",,,,,,
567,2,重新,chóngxīn,"de nuevo, otra vez",,,,,,
568,2,出发,chūfā,"salir (de viaje), partir",,,,,,
569,2,出国,chū//guó,ir al extranjero,,,,,,
570,2,出口,chūkǒu,"salida, exportación",,,名,,,
571,2,出门,chū//mén,salir de casa,,,,,,
572,2,出生,chūshēng,nacer,,,,,,
573,2,出现,chūxiàn,"aparecer, surgir",,,,,,
574,2,出院,chū//yuàn,ser dado de alta (del hospital),,,,,,
575,2,出租,chūzǔ,"alquilar, para alquilar",,,,,,
576,2,出租车,chūzúchē,taxi,,,,,,
577,2,船,chuán,barco,,,,,,
578,2,吹,chuī,"soplar, presumir",,,,,,
579,2,春节,Chūnjié,"Fiesta de la Primavera, Año Nuevo Chino",,,,,,
580,2,春天,chūntiān,primavera,,,,,,
581,2,词,cí,"palabra, vocablo",,,,,,
582,2,词典,cídiǎn,diccionario,,,,,,
583,2,词语,cíyǔ,"palabra, término, vocabulario",,,,,,
584,2,从小,cóngxiǎo,desde pequeño,,,,,,
585,2,答应,dāying,"prometer, aceptar, contestar (llamada)",,,,,,
586,2,打工,dǎ//gōng,"trabajar (esporádico), hacer un trabajo",,,,,,
587,2,打算,dǎ·suàn,"plan, intención, tener pensado",,,,,,
588,2,打印,dǎyìn,imprimir,,,,,,
589,2,大部分,dàbùfèn,la mayor parte,,,,,,
590,2,大大,dàdà,"grandemente, enormemente",,,,,,
591,2,大多数,dàduōshù,gran mayoría,,,,,,
592,2,大海,dàhǎi,"mar, océano",,,,,,
593,2,大家,dàjiā,todos,,,,,,
594,2,大量,dàliàng,gran cantidad,,,,,,
595,2,大门,dàmén,puerta principal,,,,,,
596,2,大人,dàren,adulto,,,,,,
597,2,大声,dà shēng,en voz alta,,,,,,
598,2,大小,dàxiǎo,tamaño,,,,,,
599,2,大衣,dàyī,abrigo,,,,,,
600,2,大自然,dàzìrán,naturaleza,,,,,,
601,2,带,dài,"llevar, traer, cinturón",,,,,,
602,2,带来,dài·lái,traer,,,,,,
603,2,单位,dānwèi,"unidad (de medida, de trabajo)",,,,,,
604,2,但,dàn,pero,,,,,,
605,2,但是,dànshì,"pero, sin embargo",,,,,,
606,2,蛋,dàn,huevo,,,,,,
607,2,当,dāng,"cuando, en el momento de",,,,,,
608,2,当时,dāngshí,"en aquel momento, entonces",,,,,,
609,2,倒,dǎo,"caer, derrumbarse",,,,,,
610,2,到处,dàochù,por todas partes,,,,,,
611,2,倒,dào,"echar, servir (líquido)",,,,,,
612,2,道,dào,"camino, vía; clasificador",,,,,,
613,2,道理,dào·lǐ,"razón, principio, lógica",,,,,,
614,2,道路,dàolù,"camino, carretera, vía",,,,,,
615,2,得,dé,"obtener, conseguir",,,,,,
616,2,得出,déchū,"llegar a una conclusión, obtener (resultado)",,,,,,
617,2,的话,dehuà,partícula condicional (si...),,,,,,
618,2,得,de,partícula estructural de complemento,,,,,,
619,2,灯,dēng,"lámpara, luz",,,,,,
620,2,等,děng,esperar; etcétera; clase,,,助，名,,,
621,2,等到,děngdào,"para cuando, esperar hasta",,,,,,
622,2,等于,děngyú,"equivaler a, ser igual a",,,,,,
623,2,低,dī,bajo,,,,,,
624,2,地球,dìqiú,planeta Tierra,,,,,,
625,2,地铁,dìtiě,"metro, subterráneo",,,,,,
626,2,地铁站,dìtiězhàn,estación de metro,,,,,,
627,2,点头,diǎn//tóu,asentir con la cabeza,,,,,,
628,2,店,diàn,tienda,,,,,,
629,2,掉,diào,"caerse, perder",,,,,,
630,2,东北,dōngběi,noreste,,,,,,
631,2,东方,dōngfāng,"este, oriente",,,,,,
632,2,东南,dōngnán,sureste,,,,,,
633,2,冬天,dōngtiān,invierno,,,,,,
634,2,懂,dǒng,"entender, comprender",,,,,,
635,2,懂得,dǒngde,entender (a fondo),,,,,,
636,2,动物,dòngwù,animal,,,,,,
637,2,动物园,dòngwùyuán,zoológico,,,,,,
638,2,读音,dúyīn,pronunciación (de un carácter),,,,,,
639,2,度,dù,"grado, vez",,,,,,
640,2,短,duǎn,corto,,,,,,
641,2,短信,duǎnxìn,mensaje de texto (SMS),,,,,,
642,2,段,duàn,"segmento, tramo, párrafo",,,,,,
643,2,队,duì,"equipo, fila",,,,,,
644,2,队长,duìzhǎng,"capitán (de equipo), jefe de grupo",,,,,,
645,2,对,duì,"hacia, a; correcto",,,介、动,,,
646,2,对话,duìhuà,diálogo,,,,,,
647,2,对面,duìmiàn,enfrente,,,,,,
648,2,多,duō,"qué, cuán (en exclamaciones)",,,副,,,
649,2,多久,duōjiǔ,cuánto tiempo,,,,,,
650,2,多么,duōme,"qué, cuán (en exclamaciones)",,,,,,
651,2,多数,duōshù,mayoría,,,,,,
652,2,多云,duōyún,nublado,,,,,,
653,2,而且,érqiě,"además, y también",,,,,,
654,2,发,fā,"enviar, emitir",,,,,,
655,2,发现,fāxiàn,"descubrir, darse cuenta",,,,,,
656,2,饭馆,fànguǎn,restaurante,,,,,,
657,2,方便,fāngbiàn,conveniente,,,,,,
658,2,方便面,fāngbiànmiàn,fideos instantáneos,,,,,,
659,2,方法,fāngfǎ,"método, manera",,,,,,
660,2,方面,fāngmiàn,"aspecto, faceta",,,,,,
661,2,方向,fāngxiàng,"dirección, rumbo",,,,,,
662,2,放下,fàngxia,"dejar, soltar",,,,,,
663,2,放心,fàng//xīn,"estar tranquilo, no preocuparse",,,,,,
664,2,分,fēn,"dividir, separar",,,动,,,
665,2,分开,fēn//kāi,"separar, separarse",,,,,,
666,2,分数,fēnshù,"nota (escolar), fracción",,,,,,
667,2,分钟,fēnzhōng,minuto,,,,,,
668,2,份,fèn,"porción, parte (clasificador)",,,,,,
669,2,封,fēng,sobre (clasificador para cartas),,,量,,,
670,2,服务,fúwù,"servir, servicio",,,,,,
671,2,复习,fùxí,repasar,,,,,,
672,2,该,gāi,"deber, tocarle a uno",,,动,,,
673,2,改,gǎi,"cambiar, modificar",,,,,,
674,2,改变,gǎibiàn,"cambiar, transformación",,,,,,
675,2,干杯,gān//bēi,brindar,,,,,,
676,2,感到,gǎndào,"sentir, notar",,,,,,
677,2,感动,gǎndòng,"conmoverse, emocionar",,,,,,
678,2,感觉,gǎnjué,"sensación, sentir",,,,,,
679,2,感谢,gǎnxiè,"agradecer, dar las gracias",,,,,,
680,2,干活儿,gàn//huór,"trabajar, hacer faenas",,,,,,
681,2,刚,gāng,"justo, acabar de",,,,,,
682,2,刚才,gāngcái,hace un momento,,,,,,
683,2,刚刚,gānggāng,"justo ahora, apenas",,,,,,
684,2,高级,gāojí,"de alto nivel, avanzado",,,,,,
685,2,高中,gāozhōng,escuela secundaria superior,,,,,,
686,2,个子,gèzi,"estatura, talla",,,,,,
687,2,更,gèng,"más, aún más",,,,,,
688,2,公共汽车,gōnggòng qìchē,autobús público,,,,,,
689,2,公交车,gōngjiāochē,autobús,,,,,,
690,2,公斤,gōngjīn,kilogramo,,,,,,
691,2,公里,gōnglǐ,kilómetro,,,,,,
692,2,公路,gōnglù,carretera,,,,,,
693,2,公平,gōngpíng,"justo, imparcial",,,,,,
694,2,公司,gōngsī,"empresa, compañía",,,,,,
695,2,公园,gōngyuán,parque,,,,,,
696,2,狗,gǒu,perro,,,,,,
697,2,够,gòu,"suficiente, bastante",,,,,,
698,2,故事,gùshì,"cuento, historia",,,,,,
699,2,故意,gùyì,"a propósito, intencionadamente",,,,,,
700,2,顾客,gùkè,cliente,,,,,,
701,2,关机,guān//jī,apagar (un aparato),,,,,,
702,2,关心,guānxīn,"preocuparse por, mostrar interés",,,,,,
703,2,观点,guāndiǎn,"punto de vista, opinión",,,,,,
704,2,广场,guǎngchǎng,plaza,,,,,,
705,2,广告,guǎnggào,"anuncio, publicidad",,,,,,
706,2,国际,guójì,internacional,,,,,,
707,2,过来,guò·lái,venir (hacia aquí),,,,,,
708,2,过年,guò//nián,celebrar el Año Nuevo,,,,,,
709,2,过去,guò·qù,ir (hacia allí); pasado,,,动,,,
710,2,过,guo,partícula de experiencia,,,,,,
711,2,海,hǎi,mar,,,,,,
712,2,海边,hǎi biān,"playa, orilla del mar",,,,,,
713,2,喊,hǎn,"gritar, llamar a voces",,,,,,
714,2,好,hào,"gustar, ser aficionado a",,,副,,,
715,2,好处,hǎochù,"beneficio, ventaja",,,,,,
716,2,好多,hǎoduō,"muchos, un montón",,,,,,
717,2,好久,hǎojiǔ,mucho tiempo,,,,,,
718,2,好人,hǎorén,buena persona,,,,,,
719,2,好事,hǎoshì,"buen asunto, hecho meritorio",,,,,,
720,2,好像,hǎoxiàng,"parecer, como si",,,,,,
721,2,合适,héshì,"apropiado, adecuado",,,,,,
722,2,河,hé,río,,,,,,
723,2,黑,hēi,negro,,,,,,
724,2,黑板,hēibǎn,pizarra,,,,,,
725,2,黑色,hēisè,color negro,,,,,,
726,2,红,hóng,rojo,,,,,,
727,2,红色,hóngsè,color rojo,,,,,,
728,2,后来,hòulái,"después, más tarde",,,,,,
729,2,忽然,hūrán,de repente,,,,,,
730,2,湖,hú,lago,,,,,,
731,2,护照,hùzhào,pasaporte,,,,,,
732,2,花,huā,gastar (dinero),,,动,,,
733,2,花园,huāyuán,jardín,,,,,,
734,2,画,huà,"dibujar, pintar; pintura",,,,,,
735,2,画家,huàjiā,pintor,,,,,,
736,2,画儿,huàr,"dibujo, pintura",,,,,,
737,2,坏处,huàichù,"desventaja, aspecto negativo",,,,,,
738,2,坏人,huàirén,"mala persona, villano",,,,,,
739,2,欢迎,huānyíng,"dar la bienvenida, ser bienvenido",,,,,,
740,2,换,huàn,"cambiar, intercambiar",,,,,,
741,2,黄,huáng,amarillo,,,,,,
742,2,黄色,huángsè,color amarillo,,,,,,
743,2,回,huí,vez (clasificador para acciones),,,量,,,
744,2,回国,huí guó,regresar al país de origen,,,,,,
745,2,会,huì,"reunión, habilidad",,,名,,,
746,2,活动,huódòng,actividad,,,,,,
747,2,或,huò,o (para alternativas),,,,,,
748,2,或者,huòzhě,o (para alternativas),,,,,,
749,2,机会,jī·huì,"oportunidad, ocasión",,,,,,
750,2,鸡,jī,"gallina, pollo",,,,,,
751,2,级,jí,"sumamente, extremadamente",,,,,,
752,2,急,jí,"urgente, ansioso",,,,,,
753,2,计划,jìhuà,"plan, proyecto",,,,,,
754,2,计算机,jìsuànjī,"ordenador, computadora",,,,,,
755,2,加,jiā,"sumar, añadir",,,,,,
756,2,加油,jiā//yóu,"animar, echarle ganas",,,,,,
757,2,家,jiā,"experto, especialista (sufijo)",,,,科学家,kēxuéjiā,científico
758,2,家庭,jiātíng,familia (como unidad),,,,,,
759,2,家长,jiāzhǎng,padre/madre (tutor),,,,,,
760,2,假,jiǎ,"falso, fingido",,,,,,
761,2,假期,jiàqī,"vacaciones, período de descanso",,,,,,
762,2,检查,jiǎnchá,"revisar, inspeccionar",,,,,,
763,2,见到,jiàndào,"ver, encontrarse con",,,,,,
764,2,见过,jiànguo,haber visto/conocido antes,,,,,,
765,2,件,jiàn,"asunto, artículo (clasificador)",,,,,,
766,2,健康,jiànkāng,"salud, saludable",,,,,,
767,2,讲,jiǎng,"hablar, explicar",,,,,,
768,2,讲话,jiǎng//huà,"hablar, discurso",,,,,,
769,2,交,jiāo,"entregar, hacer amigos",,,,,,
770,2,交给,jiāo gěi,entregar a,,,,,,
771,2,交朋友,jiāo péngyou,hacer amigos,,,,,,
772,2,交通,jiāotōng,"tráfico, transporte",,,,,,
773,2,角,jiǎo,rincón; jiao (0.1 yuan),,,,,,
774,2,角度,jiǎodù,"ángulo, punto de vista",,,,,,
775,2,饺子,jiǎozi,jiaozi (empanadilla china),,,,,,
776,2,脚,jiǎo,pie,,,,,,
777,2,叫作,jiàozuò,"llamarse, denominarse",,,,,,
778,2,教师,jiàoshī,"profesor, maestro (formal)",,,,,,
779,2,教室,jiàoshì,aula,,,,,,
780,2,教学,jiàoxué,enseñanza,,,,,,
781,2,教育,jiàoyù,educación,,,,,,
782,2,接,jiē,"recoger, conectar, contestar",,,,,,
783,2,接到,jiēdào,"recibir (llamada, carta)",,,,,,
784,2,接受,jiēshòu,aceptar,,,,,,
785,2,接下来,jiē · xià · lái,"a continuación, luego",,,,,,
786,2,接着,jiēzhe,"continuar, después",,,,,,
787,2,街,jiē,calle,,,,,,
788,2,节,jié,"sección; ahorrar; festividad, palabra de medida para segmentos, lecciones, entrenamientos",,,名、量,,,
789,2,节目,jiémù,"programa (TV, radio)",,,,,,
790,2,节日,jiérì,"fiesta, día festivo",,,,,,
791,2,结果,jiéguǒ,resultado,,,,,,
792,2,借,jiè,"pedir prestado, prestar",,,,,,
793,2,斤,jīn,jin (0.5 kg),,,,,,
794,2,今后,jīnhòu,de ahora en adelante,,,,,,
795,2,进入,jìnrù,entrar en,,,,,,
796,2,进行,jìnxíng,"llevar a cabo, proceder",,,,,,
797,2,近,jìn,cercano,,,,,,
798,2,经常,jīngcháng,"frecuentemente, a menudo",,,,,,
799,2,经过,jīngguò,"pasar por, a través de",,,,,,
800,2,经理,jīnglǐ,"gerente, director",,,,,,
801,2,酒,jiǔ,"alcohol, licor",,,,,,
802,2,酒店,jiǔdiàn,hotel; licorería,,,,,,
803,2,就要,jiùyào,estar a punto de,,,,,,
804,2,举,jǔ,levantar,,,,,,
805,2,举手,jǔ//shǒu,levantar la mano,,,,,,
806,2,举行,jǔxíng,"celebrar (acto, ceremonia)",,,,,,
807,2,句,jù,frase (clasificador),,,,,,
808,2,句子,jùzi,"oración, frase",,,,,,
809,2,卡,kǎ,tarjeta,,,,,,
810,2,开机,kāi//jī,encender (un aparato),,,,,,
811,2,开心,kāixīn,"contento, alegre",,,,,,
812,2,开学,kāi//xué,comenzar el curso,,,,,,
813,2,看法,kàn·fǎ,"opinión, punto de vista",,,,,,
814,2,考生,kǎoshēng,"examinado, candidato a examen",,,,,,
815,2,靠,kào,"apoyarse en, cerca de",,,,,,
816,2,科,kē,"departamento, rama (de ciencia)",,,,,,
817,2,科学,kēxué,"ciencia, científico",,,,,,
818,2,可爱,kě’ài,"adorable, simpático",,,,,,
819,2,可能,kěnéng,"posible, probablemente",,,,,,
820,2,可怕,kěpà,"aterrador, temible",,,,,,
821,2,可是,kěshì,"pero, sin embargo",,,,,,
822,2,可以,kěyǐ,"poder, ser posible; estar bien",,,,,,
823,2,克,kè,gramo,,,,,,
824,2,刻,kè,cuarto (de hora); grabar,,,量,,,
825,2,客人,kè·rén,"invitado, huésped, cliente",,,,,,
826,2,课堂,kètáng,clase (el espacio/actividad),,,,,,
827,2,空气,kōngqì,aire,,,,,,
828,2,哭,kū,llorar,,,,,,
829,2,快餐,kuàicān,comida rápida,,,,,,
830,2,快点儿,kuài diǎnr,"más rápido, date prisa",,,,,,
831,2,快乐,kuàilè,"feliz, alegre",,,,,,
832,2,快要,kuàiyào,estar a punto de,,,,,,
833,2,筷子,kuàizi,palillos,,,,,,
834,2,拉,lā,"tirar, arrastrar",,,,,,
835,2,来自,láizì,"proceder de, venir de",,,,,,
836,2,蓝,lán,azul,,,,,,
837,2,蓝色,lánsè,color azul,,,,,,
838,2,篮球,lángiú,baloncesto,,,,,,
839,2,老,lǎo,"muy, siempre (enfático)",,,副,,,
840,2,老,lǎo,prefijo afectuoso/apocopado,,,,老王,Lǎo Wáng,Viejo Wang (apelativo)
841,2,老年,lǎonián,"vejez, ancianidad",,,,,,
842,2,老朋友,lǎo péngyou,viejo amigo,,,,,,
843,2,老是,lǎo·shì,"siempre, constantemente",,,,,,
844,2,离,lí,"estar a una distancia de, separarse",,,,,,
845,2,离开,lí//kāi,"irse, marcharse, abandonar",,,,,,
846,2,礼物,lǐwù,regalo,,,,,,
847,2,里头,lǐtou,"dentro, interior",,,,,,
848,2,理想,lǐxiǎng,"ideal, aspiración",,,,,,
849,2,例如,lìrú,por ejemplo,,,,,,
850,2,例子,lìzi,"ejemplo, caso",,,,,,
851,2,脸,liǎn,"cara, rostro",,,,,,
852,2,练,liàn,practicar,,,,,,
853,2,练习,liànxí,"ejercicio, practicar",,,,,,
854,2,凉,liáng,fresco,,,,,,
855,2,凉快,liángkuai,agradablemente fresco,,,,,,
856,2,两,liǎng,"dos (para peso, dinero)",,,量,,,
857,2,亮,liàng,"brillante, luminoso",,,,,,
858,2,辆,liàng,clasificador para vehículos,,,,,,
859,2,零下,líng xià,bajo cero,,,,,,
860,2,留,liú,"quedarse, dejar",,,,,,
861,2,留下,liúxià,"dejar (huella, mensaje)",,,,,,
862,2,留学生,liúxuéshēng,estudiante extranjero/internacional,,,,,,
863,2,流,liú,fluir,,,,,,
864,2,流利,liúlì,fluido (idioma),,,,,,
865,2,流行,liúxíng,"estar de moda, popular",,,,,,
866,2,路边,lù biān,al borde del camino,,,,,,
867,2,旅客,lǚkè,"viajero, pasajero",,,,,,
868,2,旅行,lǚxíng,viajar,,,,,,
869,2,旅游,lǚyóu,"hacer turismo, viajar",,,,,,
870,2,绿,lǜ,verde,,,,,,
871,2,绿色,lǜsè,color verde,,,,,,
872,2,卖,mài,vender,,,,,,
873,2,满,mǎn,"lleno, completo",,,,,,
874,2,满意,mǎnyì,satisfecho,,,,,,
875,2,猫,māo,gato,,,,,,
876,2,米,mǐ,metro,,,量,,,
877,2,面¹,miàn¹,Palabra de medida para objetos con superficies planas como espejos y banderas,,,名，量,,,
878,2,面²,miàn²,"cara, superficie; fideos",,,名,,,
879,2,面前,miànqián,"delante de, frente a",,,,,,
880,2,名,míng,nombre; famoso; clasificador,,,,,,
881,2,名称,míngchēng,"nombre, denominación",,,,,,
882,2,名单,míngdān,lista de nombres,,,,,,
883,2,明星,míngxīng,estrella (fama),,,,,,
884,2,目的,mùdì,"propósito, objetivo",,,,,,
885,2,拿出,náchū,"sacar, extraer",,,,,,
886,2,拿到,nádào,"conseguir, obtener",,,,,,
887,2,那,nà,"entonces, en ese caso",,,连,,,
888,2,那会儿,nàhuìr,"en aquel momento, entonces",,,,,,
889,2,那么,nàme,"así, de ese modo, entonces",,,,,,
890,2,那时候/那时,nà shíhou/nà shí,"en aquella época, entonces",,,,,,
891,2,那样,nàyàng,"de ese tipo, así",,,,,,
892,2,南方,nánfāng,"sur, región sur",,,,,,
893,2,难过,nánguò,"estar triste, apenado",,,,,,
894,2,难看,nánkàn,"feo, desagradable a la vista",,,,,,
895,2,难受,nánshòu,sentirse mal (físico/emocional),,,,,,
896,2,难题,nántí,problema difícil,,,,,,
897,2,难听,nántīng,desagradable al oído,,,,,,
898,2,能够,nénggòu,"ser capaz de, poder",,,,,,
899,2,年级,niánjí,"curso, grado (escolar)",,,,,,
900,2,年轻,niánqīng,joven,,,,,,
901,2,鸟,niǎo,pájaro,,,,,,
902,2,弄,nòng,"hacer, gestionar (coloquial)",,,,,,
903,2,努力,nǔlì,"esforzarse, empeño",,,,,,
904,2,爬,pá,"trepar, gatear",,,,,,
905,2,爬山,pá shān,escalar una montaña,,,,,,
906,2,怕,pà,"temer, tener miedo",,,动,,,
907,2,排,pái,fila; clasificador para filas,,,名，量,,,
908,2,排队,pái//duì,hacer cola,,,,,,
909,2,排球,páiqiú,voleibol,,,,,,
910,2,碰,pèng,"tocar, chocar, encontrarse",,,,,,
911,2,碰到,pèngdào,"encontrarse con, toparse con",,,,,,
912,2,碰见,pèng//jiàn,encontrarse (inesperadamente),,,,,,
913,2,篇,piān,"artículo, pieza (clasificador)",,,,,,
914,2,便宜,piányi,barato,,,,,,
915,2,片,piàn,"rebanada, trozo (clasificador)",,,,,,
916,2,漂亮,piàoliang,"bonito, guapo",,,,,,
917,2,平,píng,"plano, llano",,,,,,
918,2,平安,píng’ān,"sano y salvo, en paz",,,,,,
919,2,平常,píngcháng,"ordinario, habitual",,,,,,
920,2,平等,píngděng,igualdad,,,,,,
921,2,平时,píngshí,"en tiempos normales, habitualmente",,,,,,
922,2,瓶,píng,botella,,,,,,
923,2,瓶子,píngzi,"botella, frasco",,,,,,
924,2,普通,pǔtōng,"común, ordinario",,,,,,
925,2,普通话,pǔtōnghuà,mandarín estándar,,,,,,
926,2,其他,qítā,"otros, demás",,,,,,
927,2,其中,qízhōng,"entre ellos, de ello",,,,,,
928,2,骑,qí,"montar (bici, caballo)",,,,,,
929,2,骑车,qí chē,montar en bicicleta/moto,,,,,,
930,2,起飞,qǐfēi,despegar (avión),,,,,,
931,2,气,qì,"aire, enfado",,,,,,
932,2,气温,qìwēn,temperatura (del aire),,,,,,
933,2,千,qiān,mil,,,,,,
934,2,千克,qiānkè,kilogramo,,,,,,
935,2,前年,qiánnián,hace dos años,,,,,,
936,2,墙,qiáng,"pared, muro",,,,,,
937,2,青年,qīngnián,"joven, juventud",,,,,,
938,2,青少年,qīng-shàonián,"adolescentes, jóvenes",,,,,,
939,2,轻,qīng,"ligero, suave",,,,,,
940,2,清楚,qīngchu,"claro, entender claramente",,,,,,
941,2,晴,qíng,despejado,,,,,,
942,2,晴天,qíngtiān,día despejado,,,,,,
943,2,请客,qǐng//kè,"invitar (a comer, pagar la cuenta)",,,,,,
944,2,请求,qǐngqiú,"solicitar, petición",,,,,,
945,2,秋天,qiūtiān,otoño,,,,,,
946,2,求,qiú,"suplicar, buscar (ayuda)",,,,,,
947,2,球场,qiúchǎng,"cancha, pista deportiva",,,,,,
948,2,球队,qiúduì,equipo (deportivo),,,,,,
949,2,球鞋,qiúxié,zapatillas deportivas,,,,,,
950,2,取,qǔ,"coger, sacar, recoger",,,,,,
951,2,取得,qǔdé,"obtener, conseguir (logros)",,,,,,
952,2,全,quán,"todo, completo",,,,,,
953,2,全部,quánbù,"totalidad, todo",,,,,,
954,2,全国,quánguó,"todo el país, nacional",,,,,,
955,2,全家,quánjiā,toda la familia,,,,,,
956,2,全年,quánnián,"todo el año, anual",,,,,,
957,2,全身,quánshēn,todo el cuerpo,,,,,,
958,2,全体,quántǐ,"todos (los miembros), conjunto",,,,,,
959,2,然后,ránhòu,"luego, después",,,,,,
960,2,让,ràng,"dejar, permitir, ceder",,,,,,
961,2,热情,rèqíng,"caluroso, entusiasta",,,,,,
962,2,人口,rénkǒu,población,,,,,,
963,2,人们,rénmen,"la gente, las personas",,,,,,
964,2,人数,rénshù,número de personas,,,,,,
965,2,认为,rènwéi,"considerar, opinar que",,,,,,
966,2,日报,rìbào,diario (periódico),,,,,,
967,2,日子,rìzi,"día, vida cotidiana",,,,,,
968,2,如果,rúguǒ,si (condicional),,,,,,
969,2,入口,rùkǒu,entrada,,,,,,
970,2,商量,shāngliang,"consultar, discutir",,,,,,
971,2,商人,shāngrén,"comerciante, hombre de negocios",,,,,,
972,2,上周,shàng zhōu,la semana pasada,,,,,,
973,2,少数,shǎoshù,"minoría, pequeño número",,,,,,
974,2,少年,shàonián,"adolescente, joven",,,,,,
975,2,身边,shēnbīān,"al lado de uno, a mano",,,,,,
976,2,什么样,shénmeyàng,"qué tipo de, cómo",,,,,,
977,2,生,shēng,"dar a luz, nacer; crudo",,,动,,,
978,2,生词,shēngcí,palabra nueva (vocabulario),,,,,,
979,2,生活,shēnghuó,"vida, vivir",,,,,,
980,2,声音,shēngyīn,"sonido, voz",,,,,,
981,2,省,shěng,provincia; ahorrar,,,名,,,
982,2,省,shěng,ahorrar; provincia,,,动,,,
983,2,十分,shífēn,"muy, completamente",,,,,,
984,2,实际,shíjì,"real, práctico",,,,,,
985,2,实习,shíxí,prácticas (profesionales),,,,,,
986,2,实现,shíxiàn,"realizar, materializar",,,,,,
987,2,实在,shízài,"real, honesto",,,,,,
988,2,实在,shízai,"realmente, de verdad",,,,,,
989,2,食物,shíwù,"comida, alimentos",,,,,,
990,2,使用,shǐyòng,"usar, utilizar",,,,,,
991,2,市,shì,"ciudad, municipio",,,,,,
992,2,市长,shìzhǎng,alcalde,,,,,,
993,2,事情,shìqing,"asunto, cosa",,,,,,
994,2,收,shōu,"recibir, cobrar",,,,,,
995,2,收到,shōudào,recibir (objeto),,,,,,
996,2,收入,shōurù,"ingresos, renta",,,,,,
997,2,手表,shǒubiǎo,reloj de pulsera,,,,,,
998,2,受到,shòudào,"recibir (trato, influencia)",,,,,,
999,2,舒服,shūfu,"cómodo, sentirse bien",,,,,,
1000,2,熟,shú / shóu,"maduro, cocido, familiar",,,,,,
1001,2,数,shǔ,contar,,,,,,
1002,2,数字,shùzì,"número, cifra, digital",,,,,,
1003,2,水平,shuǐpíng,nivel,,,,,,
1004,2,顺利,shùnlì,"sin problemas, favorable",,,,,,
1005,2,说明,shuōmíng,"explicar, aclaración",,,,,,
1006,2,司机,sījī,"conductor, chófer",,,,,,
1007,2,送到,sòngdào,"llevar hasta, enviar a",,,,,,
1008,2,送给,sòng gěi,regalar a,,,,,,
1009,2,算,suàn,"calcular, contar, considerar",,,,,,
1010,2,虽然,suīrán,aunque,,,,,,
1011,2,随便,suíbiàn,"como quieras, informal",,,,,,
1012,2,随时,suíshí,en cualquier momento,,,,,,
1013,2,所以,suǒyǐ,"por lo tanto, así que",,,,,,
1014,2,所有,suǒyǒu,"todo, todos los",,,,,,
1015,2,它,tā,"ello, eso (para animales/cosas)",,,,,,
1016,2,它们,tāmen,"ellos, ellas (para animales/cosas)",,,,,,
1017,2,太太,tàitai,"señora, esposa",,,,,,
1018,2,太阳,tài·yáng,sol,,,,,,
1019,2,态度,tài·dù,actitud,,,,,,
1020,2,讨论,tǎolùn,"discutir, debatir",,,,,,
1021,2,套,tào,"juego, conjunto; funda",,,,,,
1022,2,特别,tèbié,"especial, particularmente",,,,,,
1023,2,特点,tèdiǎn,"característica, peculiaridad",,,,,,
1024,2,疼,téng,"doler, tener dolor; querer",,,,,,
1025,2,提,tí,"llevar en mano, mencionar",,,,,,
1026,2,提出,tíchū,"proponer, plantear",,,,,,
1027,2,提到,tídào,"mencionar, nombrar",,,,,,
1028,2,提高,tí//gāo,"elevar, mejorar",,,,,,
1029,2,题,tí,"tema, pregunta, problema",,,,,,
1030,2,体育,tǐyù,"deporte, educación física",,,,,,
1031,2,体育场,tǐyùchǎng,estadio,,,,,,
1032,2,体育馆,tǐyùguǎn,"pabellón deportivo, gimnasio",,,,,,
1033,2,天上,tiānshàng,en el cielo,,,,,,
1034,2,条,tiáo,clasificador para objetos largos,,,,,,
1035,2,条件,tiáojiàn,"condición, requisito",,,,,,
1036,2,听讲,tīng//jiǎng,atender a la explicación,,,,,,
1037,2,听说,tīngshuō,"oír decir, según se dice",,,,,,
1038,2,停,tíng,"parar, detener",,,,,,
1039,2,停车,tíng//chē,"aparcar, estacionar",,,,,,
1040,2,停车场,tíngchēchǎng,"aparcamiento, parking",,,,,,
1041,2,挺,tǐng,"bastante, muy",,,副,,,
1042,2,挺好,tǐng hǎo,bastante bien,,,,,,
1043,2,通,tōng,"comunicar, conectar",,,,,,
1044,2,通过,tōngguò,"pasar por, aprobar",,,,,,
1045,2,通知,tōngzhī,"notificar, aviso",,,,,,
1046,2,同时,tóngshí,"al mismo tiempo, además",,,,,,
1047,2,同事,tóngshì,"colega, compañero de trabajo",,,,,,
1048,2,同样,tóngyàng,"igual, del mismo modo",,,,,,
1049,2,头,tóu,cabeza; principio,,,名，量,,,
1050,2,头,tou,sufijo,,,,里头,lǐtou,dentro
1051,2,头发,tóufa,"cabello, pelo",,,,,,
1052,2,图片,túpiàn,"imagen, foto",,,,,,
1053,2,推,tuī,empujar,,,,,,
1054,2,腿,tuǐ,pierna,,,,,,
1055,2,外地,wàidì,otro lugar (fuera de la ciudad),,,,,,
1056,2,外卖,wàimài,comida para llevar,,,,,,
1057,2,完,wán,"terminar, acabarse",,,,,,
1058,2,完成,wán//chéng,"completar, llevar a cabo",,,,,,
1059,2,完全,wánguán,"completamente, total",,,,,,
1060,2,晚安,wǎn’ān,buenas noches,,,,,,
1061,2,晚报,wǎnbào,periódico de la tarde,,,,,,
1062,2,晚餐,wǎncān,cena (formal),,,,,,
1063,2,晚会,wǎnhuì,"velada, fiesta nocturna",,,,,,
1064,2,碗,wǎn,"bol, tazón",,,,,,
1065,2,万,wàn,diez mil,,,,,,
1066,2,网,wǎng,"red, internet",,,,,,
1067,2,网球,wǎngqiú,tenis,,,,,,
1068,2,网站,wǎngzhàn,sitio web,,,,,,
1069,2,往,wǎng,"hacia, en dirección a",,,,,,
1070,2,为,wèi,"por, para (indicar causa/fin)",,,,,,
1071,2,为什么,wèi shénme,por qué,,,,,,
1072,2,位,wèi,clasificador para personas (cortés),,,,,,
1073,2,味道,wèi·dào,"sabor, olor",,,,,,
1074,2,喂,wèi,hola? (al teléfono); ¡eh!,,,叹,,,
1075,2,温度,wēndù,temperatura,,,,,,
1076,2,闻,wén,oler,,,,,,
1077,2,问路,wènlù,preguntar por una dirección,,,,,,
1078,2,问题,wèntí,"pregunta, problema",,,,,,
1079,2,午餐,wǔcān,almuerzo (formal),,,,,,
1080,2,午睡,wǔshuì,siesta,,,,,,
1081,2,西北,xīběi,noroeste,,,,,,
1082,2,西餐,xīcān,comida occidental,,,,,,
1083,2,西方,xīfāng,"oeste, occidente",,,,,,
1084,2,西南,xīnán,suroeste,,,,,,
1085,2,西医,xīyī,medicina occidental,,,,,,
1086,2,习惯,xíguàn,"costumbre, hábito",,,,,,
1087,2,洗衣机,xǐyījī,lavadora,,,,,,
1088,2,洗澡,xǐ//zǎo,"bañarse, darse una ducha",,,,,,
1089,2,下,xià,vez (clasificador para acciones),,,量,,,
1090,2,下雪,xià xuě,nevar,,,,,,
1091,2,下周,xià zhōu,la semana que viene,,,,,,
1092,2,夏天,xiàtiān,verano,,,,,,
1093,2,相同,xiāngtóng,"idéntico, igual",,,,,,
1094,2,相信,xiāngxìn,"creer, confiar",,,,,,
1095,2,响,xiǎng,"sonar, hacer ruido",,,,,,
1096,2,想到,xiǎngdào,"pensar en, ocurrirse",,,,,,
1097,2,想法,xiǎng·fǎ,"idea, opinión",,,,,,
1098,2,想起,xiǎngqǐ,"acordarse de, recordar",,,,,,
1099,2,向,xiàng,"hacia, en dirección a",,,,,,
1100,2,相机,xiàngjī,cámara (de fotos),,,,,,
1101,2,像,xiàng,"parecerse a, como",,,动,,,
1102,2,小,xiǎo,prefijo afectuoso/apocopado,,,,小王,Xiǎo Wáng,Pequeño Wang (apelativo)
1103,2,小声,xiǎo shēng,en voz baja,,,,,,
1104,2,小时候,xiǎoshíhou,"de pequeño, en la infancia",,,,,,
1105,2,小说,xiǎoshuō,"novela, cuento",,,,,,
1106,2,小心,xiǎoxīn,"tener cuidado, prudente",,,,,,
1107,2,小组,xiǎozǔ,grupo pequeño,,,,,,
1108,2,校园,xiàoyuán,campus,,,,,,
1109,2,校长,xiàozhǎng,director/a de escuela,,,,,,
1110,2,笑话,xiàohua,"chiste, broma",,,,,,
1111,2,笑话儿,xiàohuar,"chiste, broma",,,,,,
1112,2,鞋,xié,zapato,,,,,,
1113,2,心里,xīn·lǐ,"en el corazón, interiormente",,,,,,
1114,2,心情,xīnqíng,estado de ánimo,,,,,,
1115,2,心中,xīnzhōng,"en el corazón, en la mente",,,,,,
1116,2,新闻,xīnwén,noticias,,,,,,
1117,2,信,xìn,carta; creer,,,名,,,
1118,2,信号,xìnhào,señal,,,,,,
1119,2,信息,xìnxi,información,,,,,,
1120,2,信心,xìnxīn,"confianza, fe",,,,,,
1121,2,信用卡,xìnyòngkǎ,tarjeta de crédito,,,,,,
1122,2,星星,xīngxìng,estrella (en el cielo),,,,,,
1123,2,行动,xíngdòng,"actuar, acción",,,,,,
1124,2,行人,xíngrén,peatón,,,,,,
1125,2,行为,xíngwéi,"comportamiento, conducta",,,,,,
1126,2,姓,xìng,"apellido, apellidarse",,,,,,
1127,2,姓名,xìngmíng,apellido y nombre,,,,,,
1128,2,休假,xiū//jià,tomarse unas vacaciones,,,,,,
1129,2,许多,xǔduō,"muchos, numerosos",,,,,,
1130,2,选,xuǎn,"elegir, seleccionar",,,,,,
1131,2,学期,xuéqī,"semestre, trimestre",,,,,,
1132,2,雪,xuě,nieve,,,,,,
1133,2,颜色,yánsè,color,,,,,,
1134,2,眼,yǎn,ojo,,,,,,
1135,2,眼睛,yǎnjìng,ojos,,,,,,
1136,2,养,yǎng,"criar, cultivar, mantener",,,,,,
1137,2,样子,yàngzi,"aspecto, apariencia, modelo",,,,,,
1138,2,要求,yāoqiú,"exigir, requerimiento",,,,,,
1139,2,药,yào,medicina,,,,,,
1140,2,药店,yàodiàn,farmacia,,,,,,
1141,2,药片,yàopiàn,"pastilla, comprimido",,,,,,
1142,2,药水,yàoshuǐ,líquido medicinal,,,,,,
1143,2,也许,yěxǔ,"tal vez, quizás",,,,,,
1144,2,夜,yè,noche,,,,,,
1145,2,夜里,yè·lǐ,"por la noche, durante la noche",,,,,,
1146,2,一部分,yī bùfèn,una parte,,,,,,
1147,2,一定,yídìng,"seguro, determinado",,,,,,
1148,2,一共,yígòng,"en total, sumados",,,,,,
1149,2,一会儿,yíhuìr,un momento (en el futuro),,,,,,
1150,2,一路平安,yílù-píng’ān,¡buen viaje! (lit. todo el camino en paz),,,,,,
1151,2,一路顺风,yílù-shùnfēng,¡buen viaje! (lit. viento a favor),,,,,,
1152,2,已经,yǐjīng,ya,,,,,,
1153,2,以后,yǐhòu,"después, más tarde",,,,,,
1154,2,以前,yǐqián,"antes, anteriormente",,,,,,
1155,2,以上,yǐshàng,"más de, por encima de",,,,,,
1156,2,以外,yǐwài,"además de, fuera de",,,,,,
1157,2,以为,yǐwéi,creer (erróneamente),,,,,,
1158,2,以下,yǐxià,"menos de, por debajo de",,,,,,
1159,2,椅子,yǐzi,silla,,,,,,
1160,2,一般,yìbān,"general, común",,,,,,
1161,2,一点点,yì diǎndiǎn,un poquito,,,,,,
1162,2,一生,yìshēng,toda la vida,,,,,,
1163,2,一直,yìzhí,"siempre, todo el tiempo, recto",,,,,,
1164,2,亿,yì,cien millones,,,,,,
1165,2,意见,yì·jiàn,"opinión, sugerencia",,,,,,
1166,2,意思,yìsi,"significado, intención",,,,,,
1167,2,因为,yīn·wèi,"porque, a causa de",,,,,,
1168,2,阴,yīn,"nublado, Yin",,,,,,
1169,2,阴天,yīntiān,día nublado,,,,,,
1170,2,音节,yīnjìé,sílaba,,,,,,
1171,2,音乐,yīnyuè,música,,,,,,
1172,2,音乐会,yīnyuèhuì,concierto,,,,,,
1173,2,银行,yínháng,banco,,,,,,
1174,2,银行卡,yínhángkǎ,tarjeta bancaria,,,,,,
1175,2,应该,yīnggāi,"deber, tener que",,,,,,
1176,2,英文,Yīngwén,idioma inglés,,,,,,
1177,2,英语,Yīngyǔ,idioma inglés,,,,,,
1178,2,影片,yǐngpiàn,"película, filme",,,,,,
1179,2,影响,yǐngxiǎng,"influir, influencia",,,,,,
1180,2,永远,yǒngyuǎn,para siempre,,,,,,
1181,2,油,yóu,"aceite, grasa",,,,,,
1182,2,游客,yóukè,turista,,,,,,
1183,2,友好,yǒuhǎo,amistoso,,,,,,
1184,2,有空儿,yǒukòngr,tener tiempo libre,,,,,,
1185,2,有人,yǒu rén,hay alguien,,,,,,
1186,2,有（一）点儿,yǒu(yì)diǎnr,"un poco, algo",,,,,,
1187,2,有意思,yǒu yìsi,interesante,,,,,,
1188,2,又,yòu,"otra vez, y además",,,,,,
1189,2,鱼,yú,"pez, pescado",,,,,,
1190,2,语言,yǔyán,"lenguaje, idioma",,,,,,
1191,2,原来,yuánlái,"originalmente, resulta que",,,,,,
1192,2,原因,yuányīn,"razón, causa",,,,,,
1193,2,院,yuàn,"instituto, patio",,,,,,
1194,2,院长,yuànzhǎng,"decano, director (de instituto)",,,,,,
1195,2,院子,yuànzi,patio,,,,,,
1196,2,愿意,yuànyì,"estar dispuesto a, desear",,,,,,
1197,2,月份,yuèfèn,mes (del año),,,,,,
1198,2,月亮,yuèliang,luna,,,,,,
1199,2,越,yuè,"cada vez más (en ""越...越..."")",,,,,,
1200,2,越来越,yuè lái yuè,cada vez más,,,,,,
1201,2,云,yún,nube,,,,,,
1202,2,运动,yùndòng,"hacer ejercicio, deporte",,,,,,
1203,2,咱,zán,"nosotros (coloquial, inclusivo)",,,,,,
1204,2,咱们,zánmen,"nosotros (coloquial, inclusivo)",,,,,,
1205,2,脏,zāng,sucio,,,,,,
1206,2,早餐,zǎocān,desayuno (formal),,,,,,
1207,2,早晨,zǎochen,mañana (temprano),,,,,,
1208,2,早就,zǎo jiù,hace ya tiempo que,,,,,,
1209,2,怎么办,zěnme bàn,"qué hacer, cómo solucionarlo",,,,,,
1210,2,怎么样,zěnmeyàng,"cómo, qué tal",,,,,,
1211,2,怎样,zěnyàng,"cómo, de qué manera",,,,,,
1212,2,占,zhàn,"ocupar, constituir",,,,,,
1213,2,站,zhàn,estar de pie,,,动,,,
1214,2,站住,zhàn//zhù,"pararse, detenerse",,,,,,
1215,2,长,zhǎng,"crecer, jefe",,,,,,
1216,2,长大,zhǎngdà,crecer (personas),,,,,,
1217,2,找出,zhǎochū,"encontrar, hallar",,,,,,
1218,2,照顾,zhào·gù,"cuidar, atender",,,,,,
1219,2,照片,zhàopiàn,fotografía,,,,,,
1220,2,照相,zhào//xiàng,"hacerse una foto, fotografiar",,,,,,
1221,2,这么,zhème,"tan, así, de este modo",,,,,,
1222,2,这时候/这时,zhè shíhou/zhè shí,"en este momento, ahora",,,,,,
1223,2,这样,zhèyàng,"de este modo, así",,,,,,
1224,2,真正,zhēnzhèng,"verdadero, auténtico",,,,,,
1225,2,正常,zhèngcháng,normal,,,,,,
1226,2,正好,zhènghǎo,"justo, precisamente, casualmente",,,,,,
1227,2,正确,zhèngquè,"correcto, exacto",,,,,,
1228,2,正是,zhèng shì,precisamente es,,,,,,
1229,2,直接,zhíjiē,directo,,,,,,
1230,2,只,zhǐ,"solo, solamente",,,,,,
1231,2,只能,zhǐ néng,"solo poder, no tener más remedio",,,,,,
1232,2,只要,zhǐyào,"con tal de que, siempre que",,,,,,
1233,2,纸,zhǐ,papel,,,,,,
1234,2,中餐,zhōngcān,comida china,,,,,,
1235,2,中级,zhōngjí,nivel intermedio,,,,,,
1236,2,中年,zhōngnián,mediana edad,,,,,,
1237,2,中小学,zhōng-xiǎoxué,enseñanza primaria y secundaria,,,,,,
1238,2,中心,zhōngxīn,"centro, núcleo",,,,,,
1239,2,中医,zhōngyī,medicina tradicional china,,,,,,
1240,2,重点,zhòngdiǎn,"punto clave, prioritario",,,,,,
1241,2,重视,zhòngshì,"dar importancia a, valorar",,,,,,
1242,2,周,zhōu,semana,,,,,,
1243,2,周末,zhōumò,fin de semana,,,,,,
1244,2,周年,zhōunián,aniversario,,,,,,
1245,2,主人,zhǔ·rén,"dueño/a, anfitrión/a",,,,,,
1246,2,主要,zhǔyào,principal,,,,,,
1247,2,住房,zhùfáng,vivienda,,,,,,
1248,2,住院,zhù//yuàn,estar hospitalizado,,,,,,
1249,2,装,zhuāng,"instalar, fingir, vestir",,,,,,
1250,2,准确,zhǔnquè,"preciso, exacto",,,,,,
1251,2,自己,zìjǐ,uno mismo,,,,,,
1252,2,自行车,zìxíngchē,bicicleta,,,,,,
1253,2,自由,zìyóu,"libre, libertad",,,,,,
1254,2,字典,zìdiǎn,diccionario (de caracteres),,,,,,
1255,2,走过,zǒuguò,haber pasado por,,,,,,
1256,2,走进,zǒujìn,entrar caminando,,,,,,
1257,2,走开,zǒukāi,"apartarse, irse",,,,,,
1258,2,租,zū,alquilar,,,,,,
1259,2,组,zǔ,grupo,,,,,,
1260,2,组成,zǔchéng,"formar, constituir",,,,,,
1261,2,组长,zǔzhǎng,líder de grupo,,,,,,
1262,2,嘴,zuǐ,boca,,,,,,
1263,2,最近,zuìjìn,"recientemente, últimamente",,,,,,
1264,2,作家,zuòjiā,escritor/a,,,,,,
1265,2,作文,zuòwén,"redacción, composición",,,,,,
1266,2,作业,zuòyè,"deberes, tarea",,,,,,
1267,2,作用,zuòyòng,"efecto, función",,,,,,
1268,2,座,zuò,"asiento, edificio (clasificador)",,,,,,
1269,2,座位,zuò·wèi,"asiento, plaza",,,,,,
1270,2,做到,zuòdào,"lograr, conseguir hacer",,,,,,
1271,2,做法,zuò·fǎ,"modo de hacer, método",,,,,,
1272,2,做饭,zuò//fàn,cocinar,,,,,,